{"cameraMode":{"drawMode":0,"name":"Shaded","section":"Shading Mode"},"sceneLighting":false,"audioPlay":false,"sceneViewState":{"m_AlwaysRefresh":false,"showFog":true,"showSkybox":false,"showFlares":true,"showImageEffects":true,"showParticleSystems":true,"showVisualEffectGraphs":true,"m_FxEnabled":true},"in2DMode":false,"pivot":{"x":2.5441253185272219,"y":-7.0557379722595219,"z":40.88474655151367},"rotation":{"x":0.3795904219150543,"y":-0.14480207860469819,"z":0.060285259038209918,"w":0.9117650985717773},"size":1.6691138744354249,"orthographic":false}