{"cameraMode":{"drawMode":0,"name":"Shaded","section":"Shading Mode"},"sceneLighting":false,"audioPlay":false,"sceneViewState":{"m_AlwaysRefresh":false,"showFog":true,"showSkybox":false,"showFlares":true,"showImageEffects":true,"showParticleSystems":true,"showVisualEffectGraphs":true,"m_FxEnabled":true},"in2DMode":false,"pivot":{"x":6.888646125793457,"y":-0.45655807852745058,"z":34.511024475097659},"rotation":{"x":0.1369490623474121,"y":-0.09346263110637665,"z":0.012980777770280838,"w":0.9860756993293762},"size":4.654335021972656,"orthographic":false}