{"cameraMode":{"drawMode":0,"name":"Shaded","section":"Shading Mode"},"sceneLighting":false,"audioPlay":false,"sceneViewState":{"m_AlwaysRefresh":false,"showFog":true,"showSkybox":false,"showFlares":true,"showImageEffects":true,"showParticleSystems":true,"showVisualEffectGraphs":true,"m_FxEnabled":true},"in2DMode":false,"pivot":{"x":-6.600929260253906,"y":-72.44436645507813,"z":156.18795776367188},"rotation":{"x":0.25512975454330447,"y":-0.011601989157497883,"z":0.00306209665723145,"w":0.9668363332748413},"size":3.203733444213867,"orthographic":false}